[
    {
        "custname"    : "Raju",
        "email"       : "raju@gmail.com",
        "address"     : "Panchwati, Pune",
        "phonenumber" : "+022- 5554",
        "credit_limit": 2000
    },
    {
        "custname"    : "abc",
        "email"       : "abc@gmail.com",
        "address"     : "Pashan, Pune",
        "phonenumber" : "+022- 566",
        "credit_limit": 3000
    },
    {
        "custname"    : "dfd",
        "email"       : "dfd@gmail.com",
        "address"     : "Shivajinagar, Pune",
        "phonenumber" : "+022- 2323",
        "credit_limit": 1400
    }
    ,
    {
        "custname"    : "poiid",
        "email"       : "pioio@gmail.com",
        "address"     : "Katraj, Pune",
        "phonenumber" : "+022- 1212",
        "credit_limit": 5000
    },
    {
        "custname"    : "erer",
        "email"       : "ererw@gmail.com",
        "address"     : "Market Yard, Pune",
        "phonenumber" : "+022- 656",
        "credit_limit": 3200
    }
]